key,codigo,fecha_utc,estado,bytes_antes,bytes_despues,ahorro_pct,dim_antes,dim_despues,calidad_jpeg,ssim,key_nueva,respaldo,etag_despues,nota
mascotas/MC-00127/b3ff1ce3b997401893473904d715a4bd.jpg,MC-00127,2026-08-17 00:56:24,optimizada,3865393,582843,84.9,3024x4032,1500x2000,85,0.96019,,respaldos_fotos_mascotas/mascotas/MC-00127/b3ff1ce3b997401893473904d715a4bd.jpg,3c08bccb41983d228e77f3ca800dd64a,
mascotas/MC-00111/632eb8806a264aab99233e4c89372b6b.jpg,MC-00111,2026-08-17 00:59:21,optimizada,4283681,309671,92.8,4284x5712,1500x2000,78,0.96887,,respaldos_fotos_mascotas/mascotas/MC-00111/632eb8806a264aab99233e4c89372b6b.jpg,90a26dc7d7a844f90d53dcae482147d3,
mascotas/MC-00111/737429b1bf264a3ca1a0d6a226a3c5fd.jpg,MC-00111,2026-08-17 00:59:27,optimizada,4283681,309671,92.8,4284x5712,1500x2000,78,0.96887,,respaldos_fotos_mascotas/mascotas/MC-00111/737429b1bf264a3ca1a0d6a226a3c5fd.jpg,90a26dc7d7a844f90d53dcae482147d3,
mascotas/MC-00123/8a5611f596d34f6983ea82bb59c70614.jpg,MC-00123,2026-08-17 00:59:33,optimizada,3601309,567463,84.2,3024x4032,1500x2000,85,0.96382,,respaldos_fotos_mascotas/mascotas/MC-00123/8a5611f596d34f6983ea82bb59c70614.jpg,e638e4d740551c8a5b0fc998ad92ed31,
mascotas/MC-00125/7f5a133e8dd34be0a5e28564fe7c24c8.jpg,MC-00125,2026-08-17 00:59:44,optimizada,3544231,624400,82.4,3024x4032,1500x2000,88,0.96237,,respaldos_fotos_mascotas/mascotas/MC-00125/7f5a133e8dd34be0a5e28564fe7c24c8.jpg,c267e3d677c6c46d62fd55afcdcf543a,
mascotas/MC-00129/1978069a61d042c79bc44cf83719f72f.jpg,MC-00129,2026-08-17 00:59:52,optimizada,3395007,573250,83.1,3024x4032,1500x2000,88,0.9651,,respaldos_fotos_mascotas/mascotas/MC-00129/1978069a61d042c79bc44cf83719f72f.jpg,31fd9f6640b55d80f5ad57fad61a3d31,
mascotas/MC-00124/8061e4f0d6ab424f84f828ea308bcb32.jpg,MC-00124,2026-08-17 01:00:00,optimizada,3207987,498581,84.5,3024x4032,1500x2000,88,0.9603,,respaldos_fotos_mascotas/mascotas/MC-00124/8061e4f0d6ab424f84f828ea308bcb32.jpg,ddd9f3e55d28f90b683bf4b804cb44e0,
mascotas/MC-00120/442ce1819bb34013921b21fdbb4b6395.jpg,MC-00120,2026-08-17 01:00:08,optimizada,3155840,600391,81.0,3024x4032,1500x2000,88,0.96366,,respaldos_fotos_mascotas/mascotas/MC-00120/442ce1819bb34013921b21fdbb4b6395.jpg,74fda9ffe0e444d28c8fd332010c576a,
mascotas/MC-00120/baf8391133c84ea9aa91b3e6cf19eece.jpg,MC-00120,2026-08-17 01:00:17,optimizada,3155840,600391,81.0,3024x4032,1500x2000,88,0.96366,,respaldos_fotos_mascotas/mascotas/MC-00120/baf8391133c84ea9aa91b3e6cf19eece.jpg,74fda9ffe0e444d28c8fd332010c576a,
mascotas/MC-00126/4846eb10a1d3439cb200be5638bd14d6.jpg,MC-00126,2026-08-17 01:00:26,optimizada,3061652,557897,81.8,3024x4032,1500x2000,88,0.96189,,respaldos_fotos_mascotas/mascotas/MC-00126/4846eb10a1d3439cb200be5638bd14d6.jpg,9f5c46c128901c8c2a60397ad4c5b29c,
mascotas/MC-00128/f9b7a4c366c54fa39635617ef7200bf6.jpg,MC-00128,2026-08-17 01:00:36,optimizada,3046501,362094,88.1,3024x4032,1500x2000,78,0.96038,,respaldos_fotos_mascotas/mascotas/MC-00128/f9b7a4c366c54fa39635617ef7200bf6.jpg,1873b77cdbc582a29d9d328f6a9501cc,
mascotas/MC-00121/1df7a0c724bb4fdfa080237c5ed6e582.jpg,MC-00121,2026-08-17 01:00:43,optimizada,2793302,440254,84.2,3024x4032,1500x2000,85,0.96031,,respaldos_fotos_mascotas/mascotas/MC-00121/1df7a0c724bb4fdfa080237c5ed6e582.jpg,919f3f3196c27b08d2b878e5224e38c1,
mascotas/MC-00122/4cb571dcf33848d289d7f78fceac7579.jpg,MC-00122,2026-08-17 01:00:50,optimizada,2680487,440228,83.6,3024x4032,1500x2000,82,0.96039,,respaldos_fotos_mascotas/mascotas/MC-00122/4cb571dcf33848d289d7f78fceac7579.jpg,31d43898cb4c5668b03de1cb9b6e8625,
mascotas/MC-00112/ccc13d4ac65246dea3b37799e67fb4fc.png,MC-00112,2026-08-17 01:00:59,optimizada,2666478,227725,91.5,1220x2712,900x2000,78,0.9833,mascotas/MC-00112/ccc13d4ac65246dea3b37799e67fb4fc.jpg,respaldos_fotos_mascotas/mascotas/MC-00112/ccc13d4ac65246dea3b37799e67fb4fc.png,b537144d7aab6da134a419300823ad1f,PNG→JPG: cambia la clave (el PNG viejo NO se borró)
mascotas/MC-00130/c5f60e4fb58340c7b217e3249f5360f4.jpg,MC-00130,2026-08-17 01:01:06,optimizada,2557174,343358,86.6,3024x4032,1500x2000,82,0.96258,,respaldos_fotos_mascotas/mascotas/MC-00130/c5f60e4fb58340c7b217e3249f5360f4.jpg,82168c945bf8b409427ee589cbe5281e,
mascotas/MC-00108/b68355c6e17d46b7bae1c16067a0b9be.png,MC-00108,2026-08-17 01:01:16,optimizada,2277339,248178,89.1,1086x1448,1086x1448,78,0.9647,mascotas/MC-00108/b68355c6e17d46b7bae1c16067a0b9be.jpg,respaldos_fotos_mascotas/mascotas/MC-00108/b68355c6e17d46b7bae1c16067a0b9be.png,28742b7e3db91a7e86991fda54dddcbd,PNG→JPG: cambia la clave (el PNG viejo NO se borró)
mascotas/MC-00131/a74c342291a64819a83dc1ff71b5b616.png,MC-00131,2026-08-17 01:01:21,optimizada,2242500,305658,86.4,1024x1536,1024x1536,78,0.96453,mascotas/MC-00131/a74c342291a64819a83dc1ff71b5b616.jpg,respaldos_fotos_mascotas/mascotas/MC-00131/a74c342291a64819a83dc1ff71b5b616.png,3df36b4ee6c56cde2aa1a91a3d8a75b5,PNG→JPG: cambia la clave (el PNG viejo NO se borró)
mascotas/MC-00107/0d251e0dde034920b40336923abb31c9.png,MC-00107,2026-08-17 01:01:28,optimizada,2065884,238299,88.5,1170x2532,924x2000,78,0.98309,mascotas/MC-00107/0d251e0dde034920b40336923abb31c9.jpg,respaldos_fotos_mascotas/mascotas/MC-00107/0d251e0dde034920b40336923abb31c9.png,9ea685cb5da8225c29ab731b709d1dfd,PNG→JPG: cambia la clave (el PNG viejo NO se borró)
mascotas/MC-00116/bc1c800dc20642ddbbe781d0594b2c68.jpg,MC-00116,2026-08-17 01:01:35,optimizada,1949909,362353,81.4,3024x4032,1500x2000,78,0.97985,,respaldos_fotos_mascotas/mascotas/MC-00116/bc1c800dc20642ddbbe781d0594b2c68.jpg,84165f9469fd3a2ce6adedeba86d9079,
pendientes/79ccf8fad2cb4e17900756346c3c2fa1/ae4280e8dff94b90bcd35ab8612f9b00.jpg,79ccf8fad2cb4e17900756346c3c2fa1,2026-08-17 01:01:40,optimizada,1209639,250906,79.3,1080x2400,900x2000,78,0.98714,,respaldos_fotos_mascotas/pendientes/79ccf8fad2cb4e17900756346c3c2fa1/ae4280e8dff94b90bcd35ab8612f9b00.jpg,7d62edeb491d1e9889ade890848690af,
mascotas/MC-00096/5126d025d398429185e242c15df22136.jpg,MC-00096,2026-08-17 01:01:44,error,878071,,,,,,,,,8e32d9a041859f84dad9ddef925c5860,image file is truncated (1 bytes not processed)
mascotas/MC-00102/407932337b644f6caa34e13b21b17db4.jpg,MC-00102,2026-08-17 01:01:46,error,878071,,,,,,,,,8e32d9a041859f84dad9ddef925c5860,image file is truncated (1 bytes not processed)
mascotas/MC-00095/9af1a347f8354c668775c8251d7fd0f0.jpg,MC-00095,2026-08-17 01:01:49,error,860185,,,,,,,,,194014f547261ff171b7c0630a5207b0,image file is truncated (1 bytes not processed)
mascotas/MC-00101/87f9e6f6f62d4af2a6ed6ffd92c5640c.jpg,MC-00101,2026-08-17 01:01:51,optimizada,737126,200061,72.9,720x1640,720x1640,78,0.9856,,respaldos_fotos_mascotas/mascotas/MC-00101/87f9e6f6f62d4af2a6ed6ffd92c5640c.jpg,8ff9915309f290001d57d110d9ef2c9c,
mascotas/MC-00092/614fccc9268e46a397da4a92291307eb.jpg,MC-00092,2026-08-17 01:01:55,optimizada,636608,340710,46.5,1024x1536,1024x1536,85,0.96095,,respaldos_fotos_mascotas/mascotas/MC-00092/614fccc9268e46a397da4a92291307eb.jpg,d7bb4cd9399ffc69daa8f8c8f7aaa5df,
mascotas/MC-00098/23f76874dcf34aaa8fa2df369ea04fd0.jpg,MC-00098,2026-08-17 01:01:59,error,631047,,,,,,,,,cc4225f89041d6b8c0f1e298ff84cea0,image file is truncated (1 bytes not processed)
mascotas/MC-00114/e2823d2e060b418dbe4183f0e64173bf.jpg,MC-00114,2026-08-17 01:02:00,optimizada,562166,335159,40.4,828x1472,828x1472,78,0.98369,,respaldos_fotos_mascotas/mascotas/MC-00114/e2823d2e060b418dbe4183f0e64173bf.jpg,b17bd854555f4c1fe4d03c4eb7cc89f5,
mascotas/MC-00094/e2f86a9b8a694d068820a4ed48de150a.jpg,MC-00094,2026-08-17 01:02:04,optimizada,491736,270157,45.1,1206x2128,1133x2000,78,0.98799,,respaldos_fotos_mascotas/mascotas/MC-00094/e2f86a9b8a694d068820a4ed48de150a.jpg,df74b595e3f5d8f0daefa6a1a62f14b4,
mascotas/MC-00099/ca23d1e65c9745f0bb922c3df77ebcec.jpg,MC-00099,2026-08-17 01:02:06,error,478956,,,,,,,,,b2eb1381dcf5224f1e6d1e4bf8e514f6,image file is truncated (3 bytes not processed)
pendientes/6283b893e293461486b04db9148ee06b/35511a38a27d41d8856cd284db83d191.jpg,6283b893e293461486b04db9148ee06b,2026-08-17 01:02:08,optimizada,447912,104630,76.6,1080x1095,1080x1095,78,0.98794,,respaldos_fotos_mascotas/pendientes/6283b893e293461486b04db9148ee06b/35511a38a27d41d8856cd284db83d191.jpg,38b86f44209af60bbda5d16f1f0bae4d,
mascotas/MC-00028/e98d9e75fef747d8b6255683f814bed4.jpg,MC-00028,2026-08-17 01:02:10,optimizada,421851,339386,19.5,1024x1536,1024x1536,78,0.97733,,respaldos_fotos_mascotas/mascotas/MC-00028/e98d9e75fef747d8b6255683f814bed4.jpg,6dbaf8baff92b03852d7d695879ed70f,
mascotas/MC-00106/02055510cb0b4298958e2101d923b7da.jpg,MC-00106,2026-08-17 01:02:13,optimizada,388750,234004,39.8,1284x1783,1284x1783,78,0.99004,,respaldos_fotos_mascotas/mascotas/MC-00106/02055510cb0b4298958e2101d923b7da.jpg,f75f82a5872cd31057e66a10eb15a0a3,
mascotas/MC-00100/706e1dfb8f804bd4b8865a35b05ee984.jpg,MC-00100,2026-08-17 01:02:15,optimizada,387414,229227,40.8,1320x1585,1320x1585,78,0.98623,,respaldos_fotos_mascotas/mascotas/MC-00100/706e1dfb8f804bd4b8865a35b05ee984.jpg,ec6e6464b27a07bec4c41dcbc0fbb312,
mascotas/MC-00091/8a7fe2096bbf403b80089200b0b3bac9.jpg,MC-00091,2026-08-17 01:02:18,optimizada,385297,231406,39.9,1220x2169,1125x2000,78,0.99138,,respaldos_fotos_mascotas/mascotas/MC-00091/8a7fe2096bbf403b80089200b0b3bac9.jpg,e9b4489fd6d2e8847a6768e5d63da7c7,
mascotas/MC-00119/b59ec9efc9fe44fc9af8ea6836010f3f.jpg,MC-00119,2026-08-17 01:02:21,optimizada,351241,244051,30.5,1266x1568,1266x1568,78,0.99361,,respaldos_fotos_mascotas/mascotas/MC-00119/b59ec9efc9fe44fc9af8ea6836010f3f.jpg,b09fbb254ae7290478ddf44d2d3a38eb,
mascotas/MC-00103/71b40e8f08cb468cb65333eaf37140d4.jpg,MC-00103,2026-08-17 01:02:23,optimizada,296043,204168,31.0,1054x1492,1054x1492,78,0.99485,,respaldos_fotos_mascotas/mascotas/MC-00103/71b40e8f08cb468cb65333eaf37140d4.jpg,ec25fe018c3ea7a5387f0044fa233a69,
mascotas/MC-00115/833ec678ec8943c7a2ac130ae568716a.jpg,MC-00115,2026-08-17 01:02:26,optimizada,287961,166777,42.1,857x1116,857x1116,78,0.96853,,respaldos_fotos_mascotas/mascotas/MC-00115/833ec678ec8943c7a2ac130ae568716a.jpg,6e138a5554a6a66ec87ad3d755531599,
mascotas/MC-00115/b97628c1374345b8886285bacc0a6e68.jpg,MC-00115,2026-08-17 01:02:28,optimizada,287961,166777,42.1,857x1116,857x1116,78,0.96853,,respaldos_fotos_mascotas/mascotas/MC-00115/b97628c1374345b8886285bacc0a6e68.jpg,6e138a5554a6a66ec87ad3d755531599,
pendientes/02cae0a13c2b44798fb53389f304f766/b9012179d7f744979840c78bf109dd44.jpg,02cae0a13c2b44798fb53389f304f766,2026-08-17 01:02:30,optimizada,270924,186913,31.0,1086x1448,1086x1448,78,0.99299,,respaldos_fotos_mascotas/pendientes/02cae0a13c2b44798fb53389f304f766/b9012179d7f744979840c78bf109dd44.jpg,2f9248b77e6a579c67beb4d034a32446,
mascotas/MC-00113/e27cf0bb73394ea2ae7a1712b4921073.jpg,MC-00113,2026-08-17 01:02:33,optimizada,269513,168944,37.3,1320x1453,1320x1453,78,0.99307,,respaldos_fotos_mascotas/mascotas/MC-00113/e27cf0bb73394ea2ae7a1712b4921073.jpg,22b30d451478890d865f3954fdf1f751,
mascotas/MC-00109/97d852473c414fef843d11bf08696787.jpg,MC-00109,2026-08-17 01:02:35,optimizada,260832,209832,19.6,853x1280,853x1280,78,0.98261,,respaldos_fotos_mascotas/mascotas/MC-00109/97d852473c414fef843d11bf08696787.jpg,e05179aa92d97173fe9a7b2e50190db1,
mascotas/MC-00093/1f9bffa03e004142b7210a977ffb231d.jpg,MC-00093,2026-08-17 01:02:38,optimizada,240718,205590,14.6,738x1600,738x1600,78,0.99051,,respaldos_fotos_mascotas/mascotas/MC-00093/1f9bffa03e004142b7210a977ffb231d.jpg,721cf3bfc5389ebbeafe250e8d28cef6,
mascotas/MC-00097/f1bf61d7485a47cfb61d2465b7144817.jpg,MC-00097,2026-08-17 01:02:40,optimizada,227775,189215,16.9,1086x1448,1086x1448,78,0.99127,,respaldos_fotos_mascotas/mascotas/MC-00097/f1bf61d7485a47cfb61d2465b7144817.jpg,652931152b3264fd2466964d6a46119d,
mascotas/MC-00105/b402f24fe63a45628442afea5a869533.jpg,MC-00105,2026-08-17 01:02:42,optimizada,224921,189252,15.9,738x1600,738x1600,78,0.98997,,respaldos_fotos_mascotas/mascotas/MC-00105/b402f24fe63a45628442afea5a869533.jpg,296701152a9777f0fd8455b46f1e6b24,
mascotas/MC-00024/0b2e4925b8e14d4da5a0476b6a8e53de.jpg,MC-00024,2026-08-17 01:02:45,optimizada,224622,141417,37.0,1284x2778,924x2000,78,0.99149,,respaldos_fotos_mascotas/mascotas/MC-00024/0b2e4925b8e14d4da5a0476b6a8e53de.jpg,ffe230353b702ec025eed6a8fc854593,
mascotas/MC-00018/0c51018bc6c2485a806954dccea5665a.jpg,MC-00018,2026-08-17 01:02:47,optimizada,208664,125463,39.9,1284x2778,924x2000,78,0.99171,,respaldos_fotos_mascotas/mascotas/MC-00018/0c51018bc6c2485a806954dccea5665a.jpg,96d2c18dc78fc45190949189b138b454,
mascotas/MC-00026/216d9692339f49e6ae4dc6ad97bfb12b.jpg,MC-00026,2026-08-17 01:02:49,optimizada,200598,121024,39.7,1284x2778,924x2000,78,0.99233,,respaldos_fotos_mascotas/mascotas/MC-00026/216d9692339f49e6ae4dc6ad97bfb12b.jpg,80d0d1eadeaa756cb90ad6b2855e79dd,
mascotas/MC-00013/2e59cedf435f4c00b43c9c92d28120d1.jpg,MC-00013,2026-08-17 01:02:52,optimizada,197737,119432,39.6,1284x2778,924x2000,78,0.99187,,respaldos_fotos_mascotas/mascotas/MC-00013/2e59cedf435f4c00b43c9c92d28120d1.jpg,a65ffb92a6765ecaf354cd2e5a344363,
mascotas/MC-00017/4db11a38d664422a87496f276c3b9784.jpg,MC-00017,2026-08-17 01:02:54,optimizada,196661,118053,40.0,1284x2778,924x2000,78,0.99245,,respaldos_fotos_mascotas/mascotas/MC-00017/4db11a38d664422a87496f276c3b9784.jpg,4b7dbd49093d364cad6e046fb2004fed,
mascotas/MC-00020/6949ee4c601944ff999bd0571b73d66f.jpg,MC-00020,2026-08-17 01:02:56,optimizada,195972,115473,41.1,1284x2778,924x2000,78,0.99183,,respaldos_fotos_mascotas/mascotas/MC-00020/6949ee4c601944ff999bd0571b73d66f.jpg,a7213354d4b88e4b949e6507d7015513,
mascotas/MC-00022/e153c9f56f0442e3b61c0e54a6d8751c.jpg,MC-00022,2026-08-17 01:02:58,optimizada,195361,117648,39.8,1284x2778,924x2000,78,0.99219,,respaldos_fotos_mascotas/mascotas/MC-00022/e153c9f56f0442e3b61c0e54a6d8751c.jpg,bddda59bc0170e8eb8b1678e7e683af7,
mascotas/MC-00021/1f14c28bb85e4214aed4df7362ddcd6e.jpg,MC-00021,2026-08-17 01:03:01,optimizada,191067,115257,39.7,1284x2778,924x2000,78,0.99246,,respaldos_fotos_mascotas/mascotas/MC-00021/1f14c28bb85e4214aed4df7362ddcd6e.jpg,f8bedc8fb26d251ce9828fda06a8f955,
mascotas/MC-00014/82634e2efcf24b98950e758cb9ede720.jpg,MC-00014,2026-08-17 01:03:03,optimizada,190249,114126,40.0,1284x2778,924x2000,78,0.99253,,respaldos_fotos_mascotas/mascotas/MC-00014/82634e2efcf24b98950e758cb9ede720.jpg,703ad901195b487024d68537258b85bd,
pendientes/4a4d06a4f2a0468b917915ef4f867f8c/18d66363f48c4322b3662441f6f92708.jpg,4a4d06a4f2a0468b917915ef4f867f8c,2026-08-17 01:03:05,optimizada,190249,114126,40.0,1284x2778,924x2000,78,0.99253,,respaldos_fotos_mascotas/pendientes/4a4d06a4f2a0468b917915ef4f867f8c/18d66363f48c4322b3662441f6f92708.jpg,703ad901195b487024d68537258b85bd,
mascotas/MC-00104/64bd10b08c9242de9c9b2d074784a348.jpg,MC-00104,2026-08-17 01:03:07,optimizada,188573,166516,11.7,900x1600,900x1600,78,0.99059,,respaldos_fotos_mascotas/mascotas/MC-00104/64bd10b08c9242de9c9b2d074784a348.jpg,d59c3ded36aa7e35c2b949ec09859872,
mascotas/MC-00023/3524cd117b41485aa86315bf075b863e.jpg,MC-00023,2026-08-17 01:03:10,optimizada,187848,114020,39.3,1284x2778,924x2000,78,0.99209,,respaldos_fotos_mascotas/mascotas/MC-00023/3524cd117b41485aa86315bf075b863e.jpg,602f0003bd2de5d0847896ef57d4bf97,
mascotas/MC-00016/222d1acc08ae4cc09bf5b0979a7c3aa8.jpg,MC-00016,2026-08-17 01:03:12,optimizada,185990,110855,40.4,1284x2778,924x2000,78,0.99238,,respaldos_fotos_mascotas/mascotas/MC-00016/222d1acc08ae4cc09bf5b0979a7c3aa8.jpg,62c436d54c551dcbccc5d1be25fa8ad5,
mascotas/MC-00027/0588c904c64f4140aaad04017b9e7d86.jpg,MC-00027,2026-08-17 01:03:14,optimizada,182062,108263,40.5,1284x2778,924x2000,78,0.99316,,respaldos_fotos_mascotas/mascotas/MC-00027/0588c904c64f4140aaad04017b9e7d86.jpg,496f82609efc289e7fd88d30e1751fcc,
mascotas/MC-00012/6acd9d446140449ca412ea5ac4f4b339.jpg,MC-00012,2026-08-17 01:03:16,optimizada,181387,108057,40.4,1284x2778,924x2000,78,0.99227,,respaldos_fotos_mascotas/mascotas/MC-00012/6acd9d446140449ca412ea5ac4f4b339.jpg,08e7729709cafccd217521c014c4c452,
pendientes/9b8647aeaf514efbb1e80f8a286bedc7/bbf93c4ecf0c4d1591ce7d2c56d25f2d.jpg,9b8647aeaf514efbb1e80f8a286bedc7,2026-08-17 01:03:18,optimizada,181387,108057,40.4,1284x2778,924x2000,78,0.99227,,respaldos_fotos_mascotas/pendientes/9b8647aeaf514efbb1e80f8a286bedc7/bbf93c4ecf0c4d1591ce7d2c56d25f2d.jpg,08e7729709cafccd217521c014c4c452,
mascotas/MC-00015/ca735c17bbeb411690a67a8f03ca8597.jpg,MC-00015,2026-08-17 01:03:21,optimizada,179381,108104,39.7,1284x2778,924x2000,78,0.99233,,respaldos_fotos_mascotas/mascotas/MC-00015/ca735c17bbeb411690a67a8f03ca8597.jpg,5edf8e90b093fd5dbe799a73b0dc546b,
mascotas/MC-00025/1ef260d3bb264f85ae6ee9f03933bce7.jpg,MC-00025,2026-08-17 01:03:23,optimizada,175681,106647,39.3,1284x2778,924x2000,78,0.99234,,respaldos_fotos_mascotas/mascotas/MC-00025/1ef260d3bb264f85ae6ee9f03933bce7.jpg,abfcb9af7044eafd57dba2c52ed47e11,
mascotas/MC-00019/6a5e4e224e44482e93d00c705602a70b.jpg,MC-00019,2026-08-17 01:03:25,optimizada,165859,96412,41.9,1284x2778,924x2000,78,0.99319,,respaldos_fotos_mascotas/mascotas/MC-00019/6a5e4e224e44482e93d00c705602a70b.jpg,079c474538d8dab8a034199b5add6041,
mascotas/MC-00109/8f5dd9fa994242488bb9b87598cc3e83.jpg,MC-00109,2026-08-17 01:03:27,omitida_sin_ganancia,123061,115358,6.3,720x1280,720x1280,78,0.99227,,,d5e68a5ed4dcb40aeb5c81b27f6bb446,sólo bajaría 6.3%
pendientes/94d2d304f35f4ffeb36df8c47a1d9eec/bb0a17c739c244eeaa3c9ec2d66a64ba.jpg,94d2d304f35f4ffeb36df8c47a1d9eec,2026-08-17 01:03:28,optimizada,109488,82909,24.3,720x480,720x480,78,0.99657,,respaldos_fotos_mascotas/pendientes/94d2d304f35f4ffeb36df8c47a1d9eec/bb0a17c739c244eeaa3c9ec2d66a64ba.jpg,860b30e1204bbdaec9da8a2b734a6bed,
mascotas/MC-00118/00305b96de024e63a9ddf3b2ac7f503f.jpg,MC-00118,2026-08-17 01:03:30,omitida_sin_ganancia,99799,103110,-3.3,576x1280,576x1280,78,0.99562,,,a9138c0bac9762c567b73eaabfc07911,sólo bajaría -3.3%
mascotas/MC-00118/98eac5e48d134d18980a711583abc7ff.jpg,MC-00118,2026-08-17 01:03:31,omitida_sin_ganancia,99799,103110,-3.3,576x1280,576x1280,78,0.99562,,,a9138c0bac9762c567b73eaabfc07911,sólo bajaría -3.3%
pendientes/6a6171582f0d44278eb7a1e711495798/4a11ab504fb74d86890b7a4d5a2f85ad.jpg,6a6171582f0d44278eb7a1e711495798,2026-08-17 01:03:33,omitida_sin_ganancia,99799,103110,-3.3,576x1280,576x1280,78,0.99562,,,a9138c0bac9762c567b73eaabfc07911,sólo bajaría -3.3%
mascotas/MC-00112/ccc13d4ac65246dea3b37799e67fb4fc.png,MC-00112,2026-08-17 01:04:26,optimizada,2666478,227725,91.5,1220x2712,900x2000,78,0.9833,mascotas/MC-00112/ccc13d4ac65246dea3b37799e67fb4fc.jpg,respaldos_fotos_mascotas/mascotas/MC-00112/ccc13d4ac65246dea3b37799e67fb4fc.png,b537144d7aab6da134a419300823ad1f,PNG→JPG: cambia la clave (el PNG viejo NO se borró)
mascotas/MC-00108/b68355c6e17d46b7bae1c16067a0b9be.png,MC-00108,2026-08-17 01:04:30,optimizada,2277339,248178,89.1,1086x1448,1086x1448,78,0.9647,mascotas/MC-00108/b68355c6e17d46b7bae1c16067a0b9be.jpg,respaldos_fotos_mascotas/mascotas/MC-00108/b68355c6e17d46b7bae1c16067a0b9be.png,28742b7e3db91a7e86991fda54dddcbd,PNG→JPG: cambia la clave (el PNG viejo NO se borró)
mascotas/MC-00131/a74c342291a64819a83dc1ff71b5b616.png,MC-00131,2026-08-17 01:04:37,optimizada,2242500,305658,86.4,1024x1536,1024x1536,78,0.96453,mascotas/MC-00131/a74c342291a64819a83dc1ff71b5b616.jpg,respaldos_fotos_mascotas/mascotas/MC-00131/a74c342291a64819a83dc1ff71b5b616.png,3df36b4ee6c56cde2aa1a91a3d8a75b5,PNG→JPG: cambia la clave (el PNG viejo NO se borró)
mascotas/MC-00107/0d251e0dde034920b40336923abb31c9.png,MC-00107,2026-08-17 01:04:41,optimizada,2065884,238299,88.5,1170x2532,924x2000,78,0.98309,mascotas/MC-00107/0d251e0dde034920b40336923abb31c9.jpg,respaldos_fotos_mascotas/mascotas/MC-00107/0d251e0dde034920b40336923abb31c9.png,9ea685cb5da8225c29ab731b709d1dfd,PNG→JPG: cambia la clave (el PNG viejo NO se borró)
mascotas/MC-00096/5126d025d398429185e242c15df22136.jpg,MC-00096,2026-08-17 01:04:45,optimizada,878071,183112,79.1,1080x2400,900x2000,78,0.98888,,respaldos_fotos_mascotas/mascotas/MC-00096/5126d025d398429185e242c15df22136.jpg,31dd42e738b868445c304388a305ca82,
mascotas/MC-00102/407932337b644f6caa34e13b21b17db4.jpg,MC-00102,2026-08-17 01:04:48,optimizada,878071,183112,79.1,1080x2400,900x2000,78,0.98888,,respaldos_fotos_mascotas/mascotas/MC-00102/407932337b644f6caa34e13b21b17db4.jpg,31dd42e738b868445c304388a305ca82,
mascotas/MC-00095/9af1a347f8354c668775c8251d7fd0f0.jpg,MC-00095,2026-08-17 01:04:51,optimizada,860185,177497,79.4,1080x2400,900x2000,78,0.98544,,respaldos_fotos_mascotas/mascotas/MC-00095/9af1a347f8354c668775c8251d7fd0f0.jpg,d265494c7e3d9bb666e2af71c9634559,
mascotas/MC-00098/23f76874dcf34aaa8fa2df369ea04fd0.jpg,MC-00098,2026-08-17 01:04:54,optimizada,631047,183451,70.9,1080x1662,1080x1662,78,0.98957,,respaldos_fotos_mascotas/mascotas/MC-00098/23f76874dcf34aaa8fa2df369ea04fd0.jpg,b44c39837cddf4b49875da14ef5d4055,
mascotas/MC-00099/ca23d1e65c9745f0bb922c3df77ebcec.jpg,MC-00099,2026-08-17 01:04:57,optimizada,478956,120085,74.9,1080x1611,1080x1611,78,0.99327,,respaldos_fotos_mascotas/mascotas/MC-00099/ca23d1e65c9745f0bb922c3df77ebcec.jpg,36c9936ece01621d2848e7169688d2b1,
mascotas/MC-00131/a74c342291a64819a83dc1ff71b5b616.jpg,MC-00131,2026-08-17 01:04:59,ya_optimizada,305658,,,,,,,,,3df36b4ee6c56cde2aa1a91a3d8a75b5,marca en S3
mascotas/MC-00108/b68355c6e17d46b7bae1c16067a0b9be.jpg,MC-00108,2026-08-17 01:05:00,ya_optimizada,248178,,,,,,,,,28742b7e3db91a7e86991fda54dddcbd,marca en S3
mascotas/MC-00107/0d251e0dde034920b40336923abb31c9.jpg,MC-00107,2026-08-17 01:05:01,ya_optimizada,238299,,,,,,,,,9ea685cb5da8225c29ab731b709d1dfd,marca en S3
mascotas/MC-00112/ccc13d4ac65246dea3b37799e67fb4fc.jpg,MC-00112,2026-08-17 01:05:02,ya_optimizada,227725,,,,,,,,,b537144d7aab6da134a419300823ad1f,marca en S3
mascotas/MC-00109/8f5dd9fa994242488bb9b87598cc3e83.jpg,MC-00109,2026-08-17 01:10:59,omitida_sin_ganancia,123061,115358,6.3,720x1280,720x1280,78,0.99227,,,d5e68a5ed4dcb40aeb5c81b27f6bb446,sólo bajaría 6.3%
mascotas/MC-00118/00305b96de024e63a9ddf3b2ac7f503f.jpg,MC-00118,2026-08-17 01:11:00,omitida_sin_ganancia,99799,103110,-3.3,576x1280,576x1280,78,0.99562,,,a9138c0bac9762c567b73eaabfc07911,sólo bajaría -3.3%
mascotas/MC-00118/98eac5e48d134d18980a711583abc7ff.jpg,MC-00118,2026-08-17 01:11:01,omitida_sin_ganancia,99799,103110,-3.3,576x1280,576x1280,78,0.99562,,,a9138c0bac9762c567b73eaabfc07911,sólo bajaría -3.3%
pendientes/6a6171582f0d44278eb7a1e711495798/4a11ab504fb74d86890b7a4d5a2f85ad.jpg,6a6171582f0d44278eb7a1e711495798,2026-08-17 01:11:02,omitida_sin_ganancia,99799,103110,-3.3,576x1280,576x1280,78,0.99562,,,a9138c0bac9762c567b73eaabfc07911,sólo bajaría -3.3%
mascotas/MC-00163/e252fea557694d5ba64ac3e29446636d.png,MC-00163,2026-08-17 01:24:17,optimizada,4824279,277651,94.2,1974x2048,1928x2000,78,0.98356,mascotas/MC-00163/e252fea557694d5ba64ac3e29446636d.jpg,respaldos_fotos_mascotas/mascotas/MC-00163/e252fea557694d5ba64ac3e29446636d.png,979a7f99193bea822e6c229c6fae0be0,PNG→JPG: cambia la clave (el PNG viejo NO se borró)
mascotas/MC-00112/ccc13d4ac65246dea3b37799e67fb4fc.png,MC-00112,2026-08-17 01:24:24,optimizada,2666478,227725,91.5,1220x2712,900x2000,78,0.9833,mascotas/MC-00112/ccc13d4ac65246dea3b37799e67fb4fc.jpg,respaldos_fotos_mascotas/mascotas/MC-00112/ccc13d4ac65246dea3b37799e67fb4fc.png,b537144d7aab6da134a419300823ad1f,PNG→JPG: cambia la clave (el PNG viejo NO se borró)
mascotas/MC-00108/b68355c6e17d46b7bae1c16067a0b9be.png,MC-00108,2026-08-17 01:24:29,optimizada,2277339,248178,89.1,1086x1448,1086x1448,78,0.9647,mascotas/MC-00108/b68355c6e17d46b7bae1c16067a0b9be.jpg,respaldos_fotos_mascotas/mascotas/MC-00108/b68355c6e17d46b7bae1c16067a0b9be.png,28742b7e3db91a7e86991fda54dddcbd,PNG→JPG: cambia la clave (el PNG viejo NO se borró)
mascotas/MC-00131/a74c342291a64819a83dc1ff71b5b616.png,MC-00131,2026-08-17 01:24:34,optimizada,2242500,305658,86.4,1024x1536,1024x1536,78,0.96453,mascotas/MC-00131/a74c342291a64819a83dc1ff71b5b616.jpg,respaldos_fotos_mascotas/mascotas/MC-00131/a74c342291a64819a83dc1ff71b5b616.png,3df36b4ee6c56cde2aa1a91a3d8a75b5,PNG→JPG: cambia la clave (el PNG viejo NO se borró)
mascotas/MC-00107/0d251e0dde034920b40336923abb31c9.png,MC-00107,2026-08-17 01:24:38,optimizada,2065884,238299,88.5,1170x2532,924x2000,78,0.98309,mascotas/MC-00107/0d251e0dde034920b40336923abb31c9.jpg,respaldos_fotos_mascotas/mascotas/MC-00107/0d251e0dde034920b40336923abb31c9.png,9ea685cb5da8225c29ab731b709d1dfd,PNG→JPG: cambia la clave (el PNG viejo NO se borró)
mascotas/MC-00162/21fe1f49f82d46e3805cbf79e358deb2.png,MC-00162,2026-08-17 01:24:44,optimizada,1551160,120951,92.2,1200x1600,1200x1600,78,0.99692,mascotas/MC-00162/21fe1f49f82d46e3805cbf79e358deb2.jpg,respaldos_fotos_mascotas/mascotas/MC-00162/21fe1f49f82d46e3805cbf79e358deb2.png,9f16eea87563a23dd91bf63f9154cdcc,PNG→JPG: cambia la clave (el PNG viejo NO se borró)
mascotas/MC-00138/6d346089252c42898ce4d3468dc7adc1.png,MC-00138,2026-08-17 01:24:47,optimizada,689555,47220,93.2,512x636,512x636,78,0.96593,mascotas/MC-00138/6d346089252c42898ce4d3468dc7adc1.jpg,respaldos_fotos_mascotas/mascotas/MC-00138/6d346089252c42898ce4d3468dc7adc1.png,554bf15f4dc83616df40740ffd1c3a92,PNG→JPG: cambia la clave (el PNG viejo NO se borró)
mascotas/MC-00152/68d85c662be14ce0b1eeed985d06d2b5.png,MC-00152,2026-08-17 01:24:49,optimizada,588890,45274,92.3,412x521,412x521,78,0.98316,mascotas/MC-00152/68d85c662be14ce0b1eeed985d06d2b5.jpg,respaldos_fotos_mascotas/mascotas/MC-00152/68d85c662be14ce0b1eeed985d06d2b5.png,25281d007d86a65cb1debcab38ff6f05,PNG→JPG: cambia la clave (el PNG viejo NO se borró)
mascotas/MC-00133/78f76d1ef1e54faa905ea40a7d08b661.png,MC-00133,2026-08-17 01:24:51,optimizada,562677,48554,91.4,425x546,425x546,78,0.97791,mascotas/MC-00133/78f76d1ef1e54faa905ea40a7d08b661.jpg,respaldos_fotos_mascotas/mascotas/MC-00133/78f76d1ef1e54faa905ea40a7d08b661.png,eccb229ffd959b4b0b00cf77eb3ca3e9,PNG→JPG: cambia la clave (el PNG viejo NO se borró)
mascotas/MC-00142/ff429e223cf64a03b1c31dc2214361f3.png,MC-00142,2026-08-17 01:24:53,optimizada,544965,34304,93.7,505x672,505x672,78,0.98677,mascotas/MC-00142/ff429e223cf64a03b1c31dc2214361f3.jpg,respaldos_fotos_mascotas/mascotas/MC-00142/ff429e223cf64a03b1c31dc2214361f3.png,0bb5d6255b76608df04a3d8dcf754491,PNG→JPG: cambia la clave (el PNG viejo NO se borró)
mascotas/MC-00145/f324f2444d0c4eaa9fb55fa04a7d7b00.png,MC-00145,2026-08-17 01:24:56,optimizada,497716,39995,92.0,415x498,415x498,78,0.98635,mascotas/MC-00145/f324f2444d0c4eaa9fb55fa04a7d7b00.jpg,respaldos_fotos_mascotas/mascotas/MC-00145/f324f2444d0c4eaa9fb55fa04a7d7b00.png,4b8fda0e13d496f7cfd795d99d6f6f73,PNG→JPG: cambia la clave (el PNG viejo NO se borró)
mascotas/MC-00143/099d94d7b08b4416a2b6c935722c167d.png,MC-00143,2026-08-17 01:24:58,optimizada,491556,32747,93.3,427x508,427x508,78,0.9868,mascotas/MC-00143/099d94d7b08b4416a2b6c935722c167d.jpg,respaldos_fotos_mascotas/mascotas/MC-00143/099d94d7b08b4416a2b6c935722c167d.png,5dcc21fd6621863944ab46b3da116ca5,PNG→JPG: cambia la clave (el PNG viejo NO se borró)
mascotas/MC-00146/b1edc4bac1194117ae56b9c7d46ec897.png,MC-00146,2026-08-17 01:25:00,optimizada,475690,36432,92.3,417x497,417x497,78,0.98795,mascotas/MC-00146/b1edc4bac1194117ae56b9c7d46ec897.jpg,respaldos_fotos_mascotas/mascotas/MC-00146/b1edc4bac1194117ae56b9c7d46ec897.png,bc3941bdb6af822a603123ac0876b6da,PNG→JPG: cambia la clave (el PNG viejo NO se borró)
mascotas/MC-00137/7fe6aa38282044f085c79953fc18869b.png,MC-00137,2026-08-17 01:25:02,optimizada,475612,40534,91.5,422x467,422x467,78,0.98071,mascotas/MC-00137/7fe6aa38282044f085c79953fc18869b.jpg,respaldos_fotos_mascotas/mascotas/MC-00137/7fe6aa38282044f085c79953fc18869b.png,a4262a1327e96053b2fe4ec778a0232d,PNG→JPG: cambia la clave (el PNG viejo NO se borró)
mascotas/MC-00148/561fe8c3db2545e69aaacce834174c9a.png,MC-00148,2026-08-17 01:25:03,optimizada,472180,37337,92.1,420x512,420x512,78,0.98728,mascotas/MC-00148/561fe8c3db2545e69aaacce834174c9a.jpg,respaldos_fotos_mascotas/mascotas/MC-00148/561fe8c3db2545e69aaacce834174c9a.png,0851532eee3d28f402b1539a5a261829,PNG→JPG: cambia la clave (el PNG viejo NO se borró)
mascotas/MC-00151/a9d0e5d8fe124c92b6facddcbe9c5660.png,MC-00151,2026-08-17 01:25:05,optimizada,471472,33583,92.9,423x546,423x546,78,0.97928,mascotas/MC-00151/a9d0e5d8fe124c92b6facddcbe9c5660.jpg,respaldos_fotos_mascotas/mascotas/MC-00151/a9d0e5d8fe124c92b6facddcbe9c5660.png,91dd4ca8b23dc25d833b4478f8f0421a,PNG→JPG: cambia la clave (el PNG viejo NO se borró)
mascotas/MC-00134/b047cff52acb4b62a10ffc087812d387.png,MC-00134,2026-08-17 01:25:07,optimizada,456904,28698,93.7,446x502,446x502,78,0.97743,mascotas/MC-00134/b047cff52acb4b62a10ffc087812d387.jpg,respaldos_fotos_mascotas/mascotas/MC-00134/b047cff52acb4b62a10ffc087812d387.png,eaced54e2e6a36fcc95a33d5358d7e94,PNG→JPG: cambia la clave (el PNG viejo NO se borró)
mascotas/MC-00154/eee164517c704bb989ac8d1e33c126d2.png,MC-00154,2026-08-17 01:25:09,optimizada,448188,28795,93.6,427x496,427x496,78,0.98707,mascotas/MC-00154/eee164517c704bb989ac8d1e33c126d2.jpg,respaldos_fotos_mascotas/mascotas/MC-00154/eee164517c704bb989ac8d1e33c126d2.png,45e2b998ba465e173a8f8caa56ba41fc,PNG→JPG: cambia la clave (el PNG viejo NO se borró)
mascotas/MC-00149/fcd42b1fb07c4248b3f699dbf67c149f.png,MC-00149,2026-08-17 01:25:11,optimizada,443426,32982,92.6,407x521,407x521,78,0.9726,mascotas/MC-00149/fcd42b1fb07c4248b3f699dbf67c149f.jpg,respaldos_fotos_mascotas/mascotas/MC-00149/fcd42b1fb07c4248b3f699dbf67c149f.png,e3c9214cadba67b58ddd7049190c833e,PNG→JPG: cambia la clave (el PNG viejo NO se borró)
mascotas/MC-00136/6c927ab999c34168a84769c96b0e1629.png,MC-00136,2026-08-17 01:25:13,optimizada,422320,28747,93.2,365x511,365x511,78,0.96565,mascotas/MC-00136/6c927ab999c34168a84769c96b0e1629.jpg,respaldos_fotos_mascotas/mascotas/MC-00136/6c927ab999c34168a84769c96b0e1629.png,afb41a3c12a195322c721c075d7fb002,PNG→JPG: cambia la clave (el PNG viejo NO se borró)
mascotas/MC-00139/0ab2657466054ee2aae5115a99588e98.png,MC-00139,2026-08-17 01:25:15,optimizada,420772,37045,91.2,782x395,782x395,82,0.9641,mascotas/MC-00139/0ab2657466054ee2aae5115a99588e98.jpg,respaldos_fotos_mascotas/mascotas/MC-00139/0ab2657466054ee2aae5115a99588e98.png,bd8646fab0fc94998c8a5da82269735e,PNG→JPG: cambia la clave (el PNG viejo NO se borró)
mascotas/MC-00161/f30af5fcea104321b6e93a25450d9fae.png,MC-00161,2026-08-17 01:25:17,optimizada,406313,24647,93.9,392x512,392x512,78,0.9798,mascotas/MC-00161/f30af5fcea104321b6e93a25450d9fae.jpg,respaldos_fotos_mascotas/mascotas/MC-00161/f30af5fcea104321b6e93a25450d9fae.png,8fa6566418859ee979fb8fc974c5ee12,PNG→JPG: cambia la clave (el PNG viejo NO se borró)
mascotas/MC-00155/e535f01de80246f2b4d9e4db5f0cd5d7.png,MC-00155,2026-08-17 01:25:19,optimizada,405638,27707,93.2,418x447,418x447,78,0.98717,mascotas/MC-00155/e535f01de80246f2b4d9e4db5f0cd5d7.jpg,respaldos_fotos_mascotas/mascotas/MC-00155/e535f01de80246f2b4d9e4db5f0cd5d7.png,4642e15308853a4dd898c4daaed9e949,PNG→JPG: cambia la clave (el PNG viejo NO se borró)
mascotas/MC-00141/9bb7bfd79c374d52bac03519ad4739ff.png,MC-00141,2026-08-17 01:25:21,optimizada,384965,25422,93.4,402x522,402x522,78,0.96825,mascotas/MC-00141/9bb7bfd79c374d52bac03519ad4739ff.jpg,respaldos_fotos_mascotas/mascotas/MC-00141/9bb7bfd79c374d52bac03519ad4739ff.png,1e1d3270fd58d8848275fe8538c38985,PNG→JPG: cambia la clave (el PNG viejo NO se borró)
mascotas/MC-00160/ba8ea76a752047d99de142db7ba8d39d.png,MC-00160,2026-08-17 01:25:23,optimizada,380830,28045,92.6,308x545,308x545,78,0.97856,mascotas/MC-00160/ba8ea76a752047d99de142db7ba8d39d.jpg,respaldos_fotos_mascotas/mascotas/MC-00160/ba8ea76a752047d99de142db7ba8d39d.png,269fca3b5386e2683b50fae33da2ca3e,PNG→JPG: cambia la clave (el PNG viejo NO se borró)
mascotas/MC-00150/1a948137930942c29b447b9be2c57501.png,MC-00150,2026-08-17 01:25:24,optimizada,355152,24723,93.0,362x462,362x462,78,0.98919,mascotas/MC-00150/1a948137930942c29b447b9be2c57501.jpg,respaldos_fotos_mascotas/mascotas/MC-00150/1a948137930942c29b447b9be2c57501.png,266f73b17104c20000b58f2139d29102,PNG→JPG: cambia la clave (el PNG viejo NO se borró)
mascotas/MC-00156/265f14a6cb0a4ce39127786d1f703de6.png,MC-00156,2026-08-17 01:25:26,optimizada,341544,26165,92.3,423x452,423x452,78,0.97947,mascotas/MC-00156/265f14a6cb0a4ce39127786d1f703de6.jpg,respaldos_fotos_mascotas/mascotas/MC-00156/265f14a6cb0a4ce39127786d1f703de6.png,8c16006d23be1a0e6ae49cae49cbb671,PNG→JPG: cambia la clave (el PNG viejo NO se borró)
mascotas/MC-00140/72dc86f98a6442cb96382b4832b46d71.png,MC-00140,2026-08-17 01:25:28,optimizada,325335,23894,92.7,392x472,392x472,82,0.96366,mascotas/MC-00140/72dc86f98a6442cb96382b4832b46d71.jpg,respaldos_fotos_mascotas/mascotas/MC-00140/72dc86f98a6442cb96382b4832b46d71.png,c418894d7f331bc9246df198c9a5f7d6,PNG→JPG: cambia la clave (el PNG viejo NO se borró)
mascotas/MC-00153/bbc563085f464c69a05b9a16acb27f3e.png,MC-00153,2026-08-17 01:25:29,optimizada,308704,22546,92.7,425x372,425x372,78,0.97136,mascotas/MC-00153/bbc563085f464c69a05b9a16acb27f3e.jpg,respaldos_fotos_mascotas/mascotas/MC-00153/bbc563085f464c69a05b9a16acb27f3e.png,7668fa3460a3731857eb8fdd5f4d469e,PNG→JPG: cambia la clave (el PNG viejo NO se borró)
mascotas/MC-00157/eb095fd5548348beb9c7c8c64b951f4d.png,MC-00157,2026-08-17 01:25:31,optimizada,303272,20766,93.2,386x440,386x440,78,0.98276,mascotas/MC-00157/eb095fd5548348beb9c7c8c64b951f4d.jpg,respaldos_fotos_mascotas/mascotas/MC-00157/eb095fd5548348beb9c7c8c64b951f4d.png,142c8300526e9ef41fcc498ffa0293ab,PNG→JPG: cambia la clave (el PNG viejo NO se borró)
mascotas/MC-00147/2e9cfb1e74d6476697cfb6f7b30fa6e9.png,MC-00147,2026-08-17 01:25:32,optimizada,301908,17677,94.1,420x452,420x452,78,0.98798,mascotas/MC-00147/2e9cfb1e74d6476697cfb6f7b30fa6e9.jpg,respaldos_fotos_mascotas/mascotas/MC-00147/2e9cfb1e74d6476697cfb6f7b30fa6e9.png,cbbeaa2e0b89b2db636fcb20f04c9bff,PNG→JPG: cambia la clave (el PNG viejo NO se borró)
mascotas/MC-00158/0fc92b199d1c40ca891f5f874876d3bb.png,MC-00158,2026-08-17 01:25:34,optimizada,296101,18437,93.8,383x500,383x500,78,0.98922,mascotas/MC-00158/0fc92b199d1c40ca891f5f874876d3bb.jpg,respaldos_fotos_mascotas/mascotas/MC-00158/0fc92b199d1c40ca891f5f874876d3bb.png,dd69eac6ae7d252fca3e82665b5da69e,PNG→JPG: cambia la clave (el PNG viejo NO se borró)
mascotas/MC-00159/fdbba266adfb4830874dc6d61263e7f2.png,MC-00159,2026-08-17 01:25:35,optimizada,296057,29110,90.2,365x377,365x377,78,0.98073,mascotas/MC-00159/fdbba266adfb4830874dc6d61263e7f2.jpg,respaldos_fotos_mascotas/mascotas/MC-00159/fdbba266adfb4830874dc6d61263e7f2.png,baf161b163b2c1025a78b181bb872d9a,PNG→JPG: cambia la clave (el PNG viejo NO se borró)
mascotas/MC-00135/d16aefed1a2a41c48894f529709d363b.png,MC-00135,2026-08-17 01:25:38,optimizada,240461,18668,92.2,272x387,272x387,78,0.96249,mascotas/MC-00135/d16aefed1a2a41c48894f529709d363b.jpg,respaldos_fotos_mascotas/mascotas/MC-00135/d16aefed1a2a41c48894f529709d363b.png,669feb8216c3ba806587835a4dfe6d06,PNG→JPG: cambia la clave (el PNG viejo NO se borró)
mascotas/MC-00144/d46ba0e28c784e7c847dee2ffb43b49b.png,MC-00144,2026-08-17 01:25:39,optimizada,229331,14251,93.8,407x312,407x312,78,0.97496,mascotas/MC-00144/d46ba0e28c784e7c847dee2ffb43b49b.jpg,respaldos_fotos_mascotas/mascotas/MC-00144/d46ba0e28c784e7c847dee2ffb43b49b.png,0d780769bb1d752d671ad8f99562d0b3,PNG→JPG: cambia la clave (el PNG viejo NO se borró)
mascotas/MC-00132/3e196afade374cbaa59f563316233d49.png,MC-00132,2026-08-17 01:25:41,optimizada,71689,8796,87.7,150x195,150x195,78,0.98175,mascotas/MC-00132/3e196afade374cbaa59f563316233d49.jpg,respaldos_fotos_mascotas/mascotas/MC-00132/3e196afade374cbaa59f563316233d49.png,0d8e5948f674f8ce14e3076c94387070,PNG→JPG: cambia la clave (el PNG viejo NO se borró)
mascotas/MC-00163/e252fea557694d5ba64ac3e29446636d.png,MC-00163,2026-08-17 01:26:26,optimizada,4824279,277651,94.2,1974x2048,1928x2000,78,0.98356,mascotas/MC-00163/e252fea557694d5ba64ac3e29446636d.jpg,respaldos_fotos_mascotas/mascotas/MC-00163/e252fea557694d5ba64ac3e29446636d.png,5724c437b588887946c537b4db78cf34,PNG→JPG: cambia la clave (el PNG viejo NO se borró)
mascotas/MC-00112/ccc13d4ac65246dea3b37799e67fb4fc.png,MC-00112,2026-08-17 01:26:33,optimizada,2666478,227725,91.5,1220x2712,900x2000,78,0.9833,mascotas/MC-00112/ccc13d4ac65246dea3b37799e67fb4fc.jpg,respaldos_fotos_mascotas/mascotas/MC-00112/ccc13d4ac65246dea3b37799e67fb4fc.png,ff53512bfbee342c4f37a74ce58395c3,PNG→JPG: cambia la clave (el PNG viejo NO se borró)
mascotas/MC-00108/b68355c6e17d46b7bae1c16067a0b9be.png,MC-00108,2026-08-17 01:26:39,optimizada,2277339,248178,89.1,1086x1448,1086x1448,78,0.9647,mascotas/MC-00108/b68355c6e17d46b7bae1c16067a0b9be.jpg,respaldos_fotos_mascotas/mascotas/MC-00108/b68355c6e17d46b7bae1c16067a0b9be.png,b37b5403d9d7b7c90f6e83b4fdc1f4f2,PNG→JPG: cambia la clave (el PNG viejo NO se borró)
mascotas/MC-00131/a74c342291a64819a83dc1ff71b5b616.png,MC-00131,2026-08-17 01:26:43,optimizada,2242500,305658,86.4,1024x1536,1024x1536,78,0.96453,mascotas/MC-00131/a74c342291a64819a83dc1ff71b5b616.jpg,respaldos_fotos_mascotas/mascotas/MC-00131/a74c342291a64819a83dc1ff71b5b616.png,ed2feb389e351b97dc19b6bdaf410fd4,PNG→JPG: cambia la clave (el PNG viejo NO se borró)
mascotas/MC-00107/0d251e0dde034920b40336923abb31c9.png,MC-00107,2026-08-17 01:26:47,optimizada,2065884,238299,88.5,1170x2532,924x2000,78,0.98309,mascotas/MC-00107/0d251e0dde034920b40336923abb31c9.jpg,respaldos_fotos_mascotas/mascotas/MC-00107/0d251e0dde034920b40336923abb31c9.png,3e7c54597566c6451ec83ced11623969,PNG→JPG: cambia la clave (el PNG viejo NO se borró)
mascotas/MC-00162/21fe1f49f82d46e3805cbf79e358deb2.png,MC-00162,2026-08-17 01:26:51,optimizada,1551160,120951,92.2,1200x1600,1200x1600,78,0.99692,mascotas/MC-00162/21fe1f49f82d46e3805cbf79e358deb2.jpg,respaldos_fotos_mascotas/mascotas/MC-00162/21fe1f49f82d46e3805cbf79e358deb2.png,0c79ecbfd00eb3ae5f9a61bf25094145,PNG→JPG: cambia la clave (el PNG viejo NO se borró)
mascotas/MC-00138/6d346089252c42898ce4d3468dc7adc1.png,MC-00138,2026-08-17 01:26:55,optimizada,689555,47220,93.2,512x636,512x636,78,0.96593,mascotas/MC-00138/6d346089252c42898ce4d3468dc7adc1.jpg,respaldos_fotos_mascotas/mascotas/MC-00138/6d346089252c42898ce4d3468dc7adc1.png,c0f41d4ec4407b34965133e1a05e9f45,PNG→JPG: cambia la clave (el PNG viejo NO se borró)
mascotas/MC-00152/68d85c662be14ce0b1eeed985d06d2b5.png,MC-00152,2026-08-17 01:26:57,optimizada,588890,45274,92.3,412x521,412x521,78,0.98316,mascotas/MC-00152/68d85c662be14ce0b1eeed985d06d2b5.jpg,respaldos_fotos_mascotas/mascotas/MC-00152/68d85c662be14ce0b1eeed985d06d2b5.png,9c4d0706b73360eb6992121ecdd9cf24,PNG→JPG: cambia la clave (el PNG viejo NO se borró)
mascotas/MC-00133/78f76d1ef1e54faa905ea40a7d08b661.png,MC-00133,2026-08-17 01:27:00,optimizada,562677,48554,91.4,425x546,425x546,78,0.97791,mascotas/MC-00133/78f76d1ef1e54faa905ea40a7d08b661.jpg,respaldos_fotos_mascotas/mascotas/MC-00133/78f76d1ef1e54faa905ea40a7d08b661.png,45d8ee0e844e567184f98a4cafbaf59c,PNG→JPG: cambia la clave (el PNG viejo NO se borró)
mascotas/MC-00142/ff429e223cf64a03b1c31dc2214361f3.png,MC-00142,2026-08-17 01:27:02,optimizada,544965,34304,93.7,505x672,505x672,78,0.98677,mascotas/MC-00142/ff429e223cf64a03b1c31dc2214361f3.jpg,respaldos_fotos_mascotas/mascotas/MC-00142/ff429e223cf64a03b1c31dc2214361f3.png,d2b1ff35af36ba1ff3d7e587a896cacd,PNG→JPG: cambia la clave (el PNG viejo NO se borró)
mascotas/MC-00145/f324f2444d0c4eaa9fb55fa04a7d7b00.png,MC-00145,2026-08-17 01:27:03,optimizada,497716,39995,92.0,415x498,415x498,78,0.98635,mascotas/MC-00145/f324f2444d0c4eaa9fb55fa04a7d7b00.jpg,respaldos_fotos_mascotas/mascotas/MC-00145/f324f2444d0c4eaa9fb55fa04a7d7b00.png,3162faa594e0a4499d48cae268038d03,PNG→JPG: cambia la clave (el PNG viejo NO se borró)
mascotas/MC-00143/099d94d7b08b4416a2b6c935722c167d.png,MC-00143,2026-08-17 01:27:05,optimizada,491556,32747,93.3,427x508,427x508,78,0.9868,mascotas/MC-00143/099d94d7b08b4416a2b6c935722c167d.jpg,respaldos_fotos_mascotas/mascotas/MC-00143/099d94d7b08b4416a2b6c935722c167d.png,537b9ec24b9f3971c95a09c97c3b0387,PNG→JPG: cambia la clave (el PNG viejo NO se borró)
mascotas/MC-00146/b1edc4bac1194117ae56b9c7d46ec897.png,MC-00146,2026-08-17 01:27:07,optimizada,475690,36432,92.3,417x497,417x497,78,0.98795,mascotas/MC-00146/b1edc4bac1194117ae56b9c7d46ec897.jpg,respaldos_fotos_mascotas/mascotas/MC-00146/b1edc4bac1194117ae56b9c7d46ec897.png,2662f846674a5f872344d9cad1edfed3,PNG→JPG: cambia la clave (el PNG viejo NO se borró)
mascotas/MC-00137/7fe6aa38282044f085c79953fc18869b.png,MC-00137,2026-08-17 01:27:10,optimizada,475612,40534,91.5,422x467,422x467,78,0.98071,mascotas/MC-00137/7fe6aa38282044f085c79953fc18869b.jpg,respaldos_fotos_mascotas/mascotas/MC-00137/7fe6aa38282044f085c79953fc18869b.png,5074a8b3509483db751fe794bfe5eb4c,PNG→JPG: cambia la clave (el PNG viejo NO se borró)
mascotas/MC-00148/561fe8c3db2545e69aaacce834174c9a.png,MC-00148,2026-08-17 01:27:11,optimizada,472180,37337,92.1,420x512,420x512,78,0.98728,mascotas/MC-00148/561fe8c3db2545e69aaacce834174c9a.jpg,respaldos_fotos_mascotas/mascotas/MC-00148/561fe8c3db2545e69aaacce834174c9a.png,a76ee443e32d8dfdad9d3d1fb7b7f6c6,PNG→JPG: cambia la clave (el PNG viejo NO se borró)
mascotas/MC-00151/a9d0e5d8fe124c92b6facddcbe9c5660.png,MC-00151,2026-08-17 01:27:13,optimizada,471472,33583,92.9,423x546,423x546,78,0.97928,mascotas/MC-00151/a9d0e5d8fe124c92b6facddcbe9c5660.jpg,respaldos_fotos_mascotas/mascotas/MC-00151/a9d0e5d8fe124c92b6facddcbe9c5660.png,84bea9a57f38a2dc1ca7a5c8f2c02c57,PNG→JPG: cambia la clave (el PNG viejo NO se borró)
mascotas/MC-00134/b047cff52acb4b62a10ffc087812d387.png,MC-00134,2026-08-17 01:27:15,optimizada,456904,28698,93.7,446x502,446x502,78,0.97743,mascotas/MC-00134/b047cff52acb4b62a10ffc087812d387.jpg,respaldos_fotos_mascotas/mascotas/MC-00134/b047cff52acb4b62a10ffc087812d387.png,bb439e29a65b8b5063441db300f4133a,PNG→JPG: cambia la clave (el PNG viejo NO se borró)
mascotas/MC-00154/eee164517c704bb989ac8d1e33c126d2.png,MC-00154,2026-08-17 01:27:16,optimizada,448188,28795,93.6,427x496,427x496,78,0.98707,mascotas/MC-00154/eee164517c704bb989ac8d1e33c126d2.jpg,respaldos_fotos_mascotas/mascotas/MC-00154/eee164517c704bb989ac8d1e33c126d2.png,820728f898963ddd0200a273d75be181,PNG→JPG: cambia la clave (el PNG viejo NO se borró)
mascotas/MC-00149/fcd42b1fb07c4248b3f699dbf67c149f.png,MC-00149,2026-08-17 01:27:18,optimizada,443426,32982,92.6,407x521,407x521,78,0.9726,mascotas/MC-00149/fcd42b1fb07c4248b3f699dbf67c149f.jpg,respaldos_fotos_mascotas/mascotas/MC-00149/fcd42b1fb07c4248b3f699dbf67c149f.png,17cbb27d782a0aa7f83357d9a63ab043,PNG→JPG: cambia la clave (el PNG viejo NO se borró)
mascotas/MC-00136/6c927ab999c34168a84769c96b0e1629.png,MC-00136,2026-08-17 01:27:20,optimizada,422320,28747,93.2,365x511,365x511,78,0.96565,mascotas/MC-00136/6c927ab999c34168a84769c96b0e1629.jpg,respaldos_fotos_mascotas/mascotas/MC-00136/6c927ab999c34168a84769c96b0e1629.png,a8818f66ce179612962505dd19691cf1,PNG→JPG: cambia la clave (el PNG viejo NO se borró)
mascotas/MC-00139/0ab2657466054ee2aae5115a99588e98.png,MC-00139,2026-08-17 01:27:21,optimizada,420772,37045,91.2,782x395,782x395,82,0.9641,mascotas/MC-00139/0ab2657466054ee2aae5115a99588e98.jpg,respaldos_fotos_mascotas/mascotas/MC-00139/0ab2657466054ee2aae5115a99588e98.png,281d42c0959249269f39b969bae50d45,PNG→JPG: cambia la clave (el PNG viejo NO se borró)
mascotas/MC-00161/f30af5fcea104321b6e93a25450d9fae.png,MC-00161,2026-08-17 01:27:23,optimizada,406313,24647,93.9,392x512,392x512,78,0.9798,mascotas/MC-00161/f30af5fcea104321b6e93a25450d9fae.jpg,respaldos_fotos_mascotas/mascotas/MC-00161/f30af5fcea104321b6e93a25450d9fae.png,72891cba257cdf213a11a8bb24b39223,PNG→JPG: cambia la clave (el PNG viejo NO se borró)
mascotas/MC-00155/e535f01de80246f2b4d9e4db5f0cd5d7.png,MC-00155,2026-08-17 01:27:25,optimizada,405638,27707,93.2,418x447,418x447,78,0.98717,mascotas/MC-00155/e535f01de80246f2b4d9e4db5f0cd5d7.jpg,respaldos_fotos_mascotas/mascotas/MC-00155/e535f01de80246f2b4d9e4db5f0cd5d7.png,30da2e8a2c141a1e3103cfbe06892869,PNG→JPG: cambia la clave (el PNG viejo NO se borró)
mascotas/MC-00141/9bb7bfd79c374d52bac03519ad4739ff.png,MC-00141,2026-08-17 01:27:27,optimizada,384965,25422,93.4,402x522,402x522,78,0.96825,mascotas/MC-00141/9bb7bfd79c374d52bac03519ad4739ff.jpg,respaldos_fotos_mascotas/mascotas/MC-00141/9bb7bfd79c374d52bac03519ad4739ff.png,5cb2f4275a8c00f71283a14e96777457,PNG→JPG: cambia la clave (el PNG viejo NO se borró)
mascotas/MC-00160/ba8ea76a752047d99de142db7ba8d39d.png,MC-00160,2026-08-17 01:27:29,optimizada,380830,28045,92.6,308x545,308x545,78,0.97856,mascotas/MC-00160/ba8ea76a752047d99de142db7ba8d39d.jpg,respaldos_fotos_mascotas/mascotas/MC-00160/ba8ea76a752047d99de142db7ba8d39d.png,62dc85ee896c1805060ebb058d5e699c,PNG→JPG: cambia la clave (el PNG viejo NO se borró)
mascotas/MC-00150/1a948137930942c29b447b9be2c57501.png,MC-00150,2026-08-17 01:27:30,optimizada,355152,24723,93.0,362x462,362x462,78,0.98919,mascotas/MC-00150/1a948137930942c29b447b9be2c57501.jpg,respaldos_fotos_mascotas/mascotas/MC-00150/1a948137930942c29b447b9be2c57501.png,f9f2d999059b6739324e8881a353c4c9,PNG→JPG: cambia la clave (el PNG viejo NO se borró)
mascotas/MC-00156/265f14a6cb0a4ce39127786d1f703de6.png,MC-00156,2026-08-17 01:27:32,optimizada,341544,26165,92.3,423x452,423x452,78,0.97947,mascotas/MC-00156/265f14a6cb0a4ce39127786d1f703de6.jpg,respaldos_fotos_mascotas/mascotas/MC-00156/265f14a6cb0a4ce39127786d1f703de6.png,6f7ac23d45dde0f9fc3e952046eb635e,PNG→JPG: cambia la clave (el PNG viejo NO se borró)
mascotas/MC-00140/72dc86f98a6442cb96382b4832b46d71.png,MC-00140,2026-08-17 01:27:34,optimizada,325335,23894,92.7,392x472,392x472,82,0.96366,mascotas/MC-00140/72dc86f98a6442cb96382b4832b46d71.jpg,respaldos_fotos_mascotas/mascotas/MC-00140/72dc86f98a6442cb96382b4832b46d71.png,43a55e65bf97e51cb6221b360b852c9a,PNG→JPG: cambia la clave (el PNG viejo NO se borró)
mascotas/MC-00153/bbc563085f464c69a05b9a16acb27f3e.png,MC-00153,2026-08-17 01:27:36,optimizada,308704,22546,92.7,425x372,425x372,78,0.97136,mascotas/MC-00153/bbc563085f464c69a05b9a16acb27f3e.jpg,respaldos_fotos_mascotas/mascotas/MC-00153/bbc563085f464c69a05b9a16acb27f3e.png,e8abd9d6c7da6e09a3375081f028485c,PNG→JPG: cambia la clave (el PNG viejo NO se borró)
mascotas/MC-00157/eb095fd5548348beb9c7c8c64b951f4d.png,MC-00157,2026-08-17 01:27:37,optimizada,303272,20766,93.2,386x440,386x440,78,0.98276,mascotas/MC-00157/eb095fd5548348beb9c7c8c64b951f4d.jpg,respaldos_fotos_mascotas/mascotas/MC-00157/eb095fd5548348beb9c7c8c64b951f4d.png,8f1b5b632ed022fff54025e539ba3ad3,PNG→JPG: cambia la clave (el PNG viejo NO se borró)
mascotas/MC-00147/2e9cfb1e74d6476697cfb6f7b30fa6e9.png,MC-00147,2026-08-17 01:27:39,optimizada,301908,17677,94.1,420x452,420x452,78,0.98798,mascotas/MC-00147/2e9cfb1e74d6476697cfb6f7b30fa6e9.jpg,respaldos_fotos_mascotas/mascotas/MC-00147/2e9cfb1e74d6476697cfb6f7b30fa6e9.png,39d8b237fdea78bcde2fae0db15cf739,PNG→JPG: cambia la clave (el PNG viejo NO se borró)
mascotas/MC-00158/0fc92b199d1c40ca891f5f874876d3bb.png,MC-00158,2026-08-17 01:27:40,optimizada,296101,18437,93.8,383x500,383x500,78,0.98922,mascotas/MC-00158/0fc92b199d1c40ca891f5f874876d3bb.jpg,respaldos_fotos_mascotas/mascotas/MC-00158/0fc92b199d1c40ca891f5f874876d3bb.png,a16062ab975fb4b679d6a4caffea7718,PNG→JPG: cambia la clave (el PNG viejo NO se borró)
mascotas/MC-00159/fdbba266adfb4830874dc6d61263e7f2.png,MC-00159,2026-08-17 01:27:42,optimizada,296057,29110,90.2,365x377,365x377,78,0.98073,mascotas/MC-00159/fdbba266adfb4830874dc6d61263e7f2.jpg,respaldos_fotos_mascotas/mascotas/MC-00159/fdbba266adfb4830874dc6d61263e7f2.png,ee78308c431ed7b2b26b4723dd020888,PNG→JPG: cambia la clave (el PNG viejo NO se borró)
mascotas/MC-00163/e252fea557694d5ba64ac3e29446636d.jpg,MC-00163,2026-08-17 01:27:44,ya_optimizada,277651,,,,,,,,,979a7f99193bea822e6c229c6fae0be0,marca en S3
mascotas/MC-00135/d16aefed1a2a41c48894f529709d363b.png,MC-00135,2026-08-17 01:27:45,optimizada,240461,18668,92.2,272x387,272x387,78,0.96249,mascotas/MC-00135/d16aefed1a2a41c48894f529709d363b.jpg,respaldos_fotos_mascotas/mascotas/MC-00135/d16aefed1a2a41c48894f529709d363b.png,fc26a93f102cf42355a4e2c9797d2386,PNG→JPG: cambia la clave (el PNG viejo NO se borró)
mascotas/MC-00144/d46ba0e28c784e7c847dee2ffb43b49b.png,MC-00144,2026-08-17 01:27:46,optimizada,229331,14251,93.8,407x312,407x312,78,0.97496,mascotas/MC-00144/d46ba0e28c784e7c847dee2ffb43b49b.jpg,respaldos_fotos_mascotas/mascotas/MC-00144/d46ba0e28c784e7c847dee2ffb43b49b.png,5abd1d74a29213a35563310e4d8ba8d6,PNG→JPG: cambia la clave (el PNG viejo NO se borró)
mascotas/MC-00162/21fe1f49f82d46e3805cbf79e358deb2.jpg,MC-00162,2026-08-17 01:27:48,ya_optimizada,120951,,,,,,,,,9f16eea87563a23dd91bf63f9154cdcc,marca en S3
mascotas/MC-00132/3e196afade374cbaa59f563316233d49.png,MC-00132,2026-08-17 01:27:48,optimizada,71689,8796,87.7,150x195,150x195,78,0.98175,mascotas/MC-00132/3e196afade374cbaa59f563316233d49.jpg,respaldos_fotos_mascotas/mascotas/MC-00132/3e196afade374cbaa59f563316233d49.png,18866b6fc6754b8d25dceb1ae4ef4246,PNG→JPG: cambia la clave (el PNG viejo NO se borró)
mascotas/MC-00133/78f76d1ef1e54faa905ea40a7d08b661.jpg,MC-00133,2026-08-17 01:27:49,ya_optimizada,48554,,,,,,,,,eccb229ffd959b4b0b00cf77eb3ca3e9,marca en S3
mascotas/MC-00138/6d346089252c42898ce4d3468dc7adc1.jpg,MC-00138,2026-08-17 01:27:50,ya_optimizada,47220,,,,,,,,,554bf15f4dc83616df40740ffd1c3a92,marca en S3
mascotas/MC-00152/68d85c662be14ce0b1eeed985d06d2b5.jpg,MC-00152,2026-08-17 01:27:51,ya_optimizada,45274,,,,,,,,,25281d007d86a65cb1debcab38ff6f05,marca en S3
mascotas/MC-00137/7fe6aa38282044f085c79953fc18869b.jpg,MC-00137,2026-08-17 01:27:51,ya_optimizada,40534,,,,,,,,,a4262a1327e96053b2fe4ec778a0232d,marca en S3
mascotas/MC-00145/f324f2444d0c4eaa9fb55fa04a7d7b00.jpg,MC-00145,2026-08-17 01:27:52,ya_optimizada,39995,,,,,,,,,4b8fda0e13d496f7cfd795d99d6f6f73,marca en S3
mascotas/MC-00148/561fe8c3db2545e69aaacce834174c9a.jpg,MC-00148,2026-08-17 01:27:53,ya_optimizada,37337,,,,,,,,,0851532eee3d28f402b1539a5a261829,marca en S3
mascotas/MC-00139/0ab2657466054ee2aae5115a99588e98.jpg,MC-00139,2026-08-17 01:27:53,ya_optimizada,37045,,,,,,,,,bd8646fab0fc94998c8a5da82269735e,marca en S3
mascotas/MC-00146/b1edc4bac1194117ae56b9c7d46ec897.jpg,MC-00146,2026-08-17 01:27:54,ya_optimizada,36432,,,,,,,,,bc3941bdb6af822a603123ac0876b6da,marca en S3
mascotas/MC-00142/ff429e223cf64a03b1c31dc2214361f3.jpg,MC-00142,2026-08-17 01:27:54,ya_optimizada,34304,,,,,,,,,0bb5d6255b76608df04a3d8dcf754491,marca en S3
mascotas/MC-00151/a9d0e5d8fe124c92b6facddcbe9c5660.jpg,MC-00151,2026-08-17 01:27:55,ya_optimizada,33583,,,,,,,,,91dd4ca8b23dc25d833b4478f8f0421a,marca en S3
mascotas/MC-00149/fcd42b1fb07c4248b3f699dbf67c149f.jpg,MC-00149,2026-08-17 01:27:56,ya_optimizada,32982,,,,,,,,,e3c9214cadba67b58ddd7049190c833e,marca en S3
mascotas/MC-00143/099d94d7b08b4416a2b6c935722c167d.jpg,MC-00143,2026-08-17 01:27:57,ya_optimizada,32747,,,,,,,,,5dcc21fd6621863944ab46b3da116ca5,marca en S3
mascotas/MC-00159/fdbba266adfb4830874dc6d61263e7f2.jpg,MC-00159,2026-08-17 01:27:57,ya_optimizada,29110,,,,,,,,,baf161b163b2c1025a78b181bb872d9a,marca en S3
mascotas/MC-00154/eee164517c704bb989ac8d1e33c126d2.jpg,MC-00154,2026-08-17 01:27:58,ya_optimizada,28795,,,,,,,,,45e2b998ba465e173a8f8caa56ba41fc,marca en S3
mascotas/MC-00136/6c927ab999c34168a84769c96b0e1629.jpg,MC-00136,2026-08-17 01:27:58,ya_optimizada,28747,,,,,,,,,afb41a3c12a195322c721c075d7fb002,marca en S3
mascotas/MC-00134/b047cff52acb4b62a10ffc087812d387.jpg,MC-00134,2026-08-17 01:27:59,ya_optimizada,28698,,,,,,,,,eaced54e2e6a36fcc95a33d5358d7e94,marca en S3
mascotas/MC-00160/ba8ea76a752047d99de142db7ba8d39d.jpg,MC-00160,2026-08-17 01:28:00,ya_optimizada,28045,,,,,,,,,269fca3b5386e2683b50fae33da2ca3e,marca en S3
mascotas/MC-00155/e535f01de80246f2b4d9e4db5f0cd5d7.jpg,MC-00155,2026-08-17 01:28:00,ya_optimizada,27707,,,,,,,,,4642e15308853a4dd898c4daaed9e949,marca en S3
mascotas/MC-00156/265f14a6cb0a4ce39127786d1f703de6.jpg,MC-00156,2026-08-17 01:28:01,ya_optimizada,26165,,,,,,,,,8c16006d23be1a0e6ae49cae49cbb671,marca en S3
mascotas/MC-00141/9bb7bfd79c374d52bac03519ad4739ff.jpg,MC-00141,2026-08-17 01:28:02,ya_optimizada,25422,,,,,,,,,1e1d3270fd58d8848275fe8538c38985,marca en S3
mascotas/MC-00150/1a948137930942c29b447b9be2c57501.jpg,MC-00150,2026-08-17 01:28:02,ya_optimizada,24723,,,,,,,,,266f73b17104c20000b58f2139d29102,marca en S3
mascotas/MC-00161/f30af5fcea104321b6e93a25450d9fae.jpg,MC-00161,2026-08-17 01:28:03,ya_optimizada,24647,,,,,,,,,8fa6566418859ee979fb8fc974c5ee12,marca en S3
mascotas/MC-00140/72dc86f98a6442cb96382b4832b46d71.jpg,MC-00140,2026-08-17 01:28:04,ya_optimizada,23894,,,,,,,,,c418894d7f331bc9246df198c9a5f7d6,marca en S3
mascotas/MC-00153/bbc563085f464c69a05b9a16acb27f3e.jpg,MC-00153,2026-08-17 01:28:04,ya_optimizada,22546,,,,,,,,,7668fa3460a3731857eb8fdd5f4d469e,marca en S3
mascotas/MC-00157/eb095fd5548348beb9c7c8c64b951f4d.jpg,MC-00157,2026-08-17 01:28:05,ya_optimizada,20766,,,,,,,,,142c8300526e9ef41fcc498ffa0293ab,marca en S3
mascotas/MC-00135/d16aefed1a2a41c48894f529709d363b.jpg,MC-00135,2026-08-17 01:28:05,ya_optimizada,18668,,,,,,,,,669feb8216c3ba806587835a4dfe6d06,marca en S3
mascotas/MC-00158/0fc92b199d1c40ca891f5f874876d3bb.jpg,MC-00158,2026-08-17 01:28:06,ya_optimizada,18437,,,,,,,,,dd69eac6ae7d252fca3e82665b5da69e,marca en S3
mascotas/MC-00147/2e9cfb1e74d6476697cfb6f7b30fa6e9.jpg,MC-00147,2026-08-17 01:28:06,ya_optimizada,17677,,,,,,,,,cbbeaa2e0b89b2db636fcb20f04c9bff,marca en S3
mascotas/MC-00144/d46ba0e28c784e7c847dee2ffb43b49b.jpg,MC-00144,2026-08-17 01:28:07,ya_optimizada,14251,,,,,,,,,0d780769bb1d752d671ad8f99562d0b3,marca en S3
mascotas/MC-00132/3e196afade374cbaa59f563316233d49.jpg,MC-00132,2026-08-17 01:28:07,ya_optimizada,8796,,,,,,,,,0d8e5948f674f8ce14e3076c94387070,marca en S3
